<?xml version="1.0"?>
<activity><id>119</id><location/><distance/><distanceMiles>0</distanceMiles><minimumTimeHours/><minimumTimeMinutes/><ascent/><gradient/><difficulty>1</difficulty><paths/><landscape/><finishGridRef/><dogFriendliness/><parking/><publicToilet/><notes/><whatToLookOutFor/><whereToEatAndDrink/><whileYouAreThere/><extension/><route><type>LineString</type><coordinates><item key="0">-1.058944</item><item key="1">51.281472</item></coordinates><coordinates><item key="0">-1.058945</item><item key="1">51.281476</item></coordinates><coordinates><item key="0">-1.058955</item><item key="1">51.281476</item></coordinates><srid/></route><name>The Second Walk889</name><startGridRef/><point><type>Point</type><coordinates>-1.058944</coordinates><coordinates>51.281472</coordinates><srid/></point><shortDescription>This is the short description of this walk</shortDescription><description>Et odio impedit voluptates quo cupiditate amet. Quos voluptatem et vitae incidunt incidunt id sit. Quasi inventore accusamus ullam aut.

Eum cum quasi et possimus eos sapiente reiciendis eos. Maxime ipsum ex laborum praesentium laboriosam commodi. Sit corporis natus libero aut enim blanditiis ipsam. Porro necessitatibus officia dolore possimus quod.

Aut placeat quia qui atque. Ut est error qui ducimus ipsa consequatur omnis. Sed illo repellat et excepturi esse esse qui. Consequatur fuga et veniam dolorem ipsam.</description><searchableDescription/><slug>the-second-walk889</slug><tags><id>170</id><name>THAT.</name><createdDate>2020-06-24T15:44:23+01:00</createdDate><modifiedDate>2020-06-24T15:44:23+01:00</modifiedDate></tags><tags><id>172</id><name>Mock Turtle.</name><createdDate>2020-06-24T15:44:23+01:00</createdDate><modifiedDate>2020-06-24T15:44:23+01:00</modifiedDate></tags><tags><id>178</id><name>Alice soon.</name><createdDate>2020-06-24T15:44:23+01:00</createdDate><modifiedDate>2020-06-24T15:44:23+01:00</modifiedDate></tags><directions/><flags/><images/><collections/><adminNotes/><createdDate>2020-06-24T15:44:24+01:00</createdDate><modifiedDate>2020-06-24T15:44:24+01:00</modifiedDate><activityType>walk</activityType></activity>
